Product Name,Price,Description,Image URL,Availability,Category
Snack Pack,$2.49,Rich and creamy in taste sandwich ice cream dessert pudding perfect for a delicious lunch-time snack or after-dinner treat. Stock up on these Snack Pack Pudding Cups and bring a smile to snack time. Snack Pack's Ice Cream Sandwich Pudding Cups are gluten-free and made with Premium imported cocoa & No high-fructose corn syrup.,https://media.sobeys.com/original/058807412953_ml_alt_T708_front_VOILA_a0b2dc7a9940b27cb60e94c61dd9f08755ab3655.JPG,In-stock,Snacks & Candy
Royal Nuts,$8.99,The natural taste of walnuts with no added salt or preservatives.,https://media.sobeys.com/original/754000000025700000000038814674_VOILA_325e3d1c949fa14541fc265037b7a177c688a4ed.JPG,In-stock,Snacks & Candy
Compliments,$4.29,No Description Available,https://media.sobeys.com/original/698786_EA_en_VOILA_3c3d6ea1ccdf3f7ce00e9b5fba3bbfaba6345b2d.JPG,In-stock,Snacks & Candy
Gogo Squeez,$3.99,No Description Available,https://media.sobeys.com/original/313476_EA_en_primary_Front_NA_032124_VOILA_12a11ba7516ddb0ca69ab34efcea881a8631c2e3.JPG,In-stock,Snacks & Candy
Royal Nuts,$12.99,No Description Available,https://media.sobeys.com/original/754000000025700000000038815020_VOILA_effc17b3dd555abea408bc54a20f631c75208452.JPG,In-stock,Snacks & Candy
Christie,$3.19,No Description Available,https://media.sobeys.com/original/850016_EA_en_primary_front_110823_VOILA_a785360b5f0681f812abd1bd674b481b7c5d59a3.JPG,In-stock,Snacks & Candy
Quaker,$3.49,"Crispy whole grain brown rice sprinkled with white cheddar cheese flavour looks like an airy cloud. But they certainly don't taste like one. And these flavour-packed goodies have 45 calories per serving, and that makes them absolutely fabulous. You can even top them with delicate fruit, fresh vegetables or creamy spreads. The sky's the limit.",https://media.sobeys.com/original/198591_EA_ml_primary_front_na_VOILA_739b0b53d4d7ae06ca8d36fa5cc38ec3283b7341.JPG,In-stock,Snacks & Candy
Gogo Squeez,$3.99,No Description Available,https://media.sobeys.com/original/260023_EA_en_primary_Front_NA_032124_VOILA_a934d274e59fd653cfaae401ef0c99b3311b942b.JPG,In-stock,Snacks & Candy
Christie,$2.99,"CRISPERS, only available in Canada, has intense flavour and a satisfying crunch! They’re baked, not fried, making CRISPERS a great snack alternative for any occasion.",https://media.sobeys.com/original/645122_EA_ml_primary_front_na_051622_VOILA_cba3426df14c7d6613a2d9a2d783a6b0f65b599d.JPG,In-stock,Snacks & Candy
Quaker,$1.99,"Quaker Chewy Chocolatey Chip granola bars are the great-tasting snack you know and love. These bars help to keep your family moving through the day and with 10 g of whole grains per bar, you'll feel great about giving them to everyone. All Quaker Chewy granola bars are made with 100% Canadian whole grain oats and other grains and made in a peanut-free facility.",https://media.sobeys.com/original/651000_EA_ml_primary_front_na_041423_VOILA_a8c905e29c58838c84f165fc1bde3e9c77530486.JPG,In-stock,Snacks & Candy
Quaker,$3.49,"Change up your snack and dive into a crispy, crunchy, sour creamy and onion flavour rice snack that's perfect. And with 70 calories per 15 gram serving, you get a zesty delight without the heavy side effects. Snacking has never been so sublime.",https://media.sobeys.com/original/204896_EA_ml_primary_front_na_050622_VOILA_febbc780d2fa8a42ffc3cb372c1d4da67603c7fc.JPG,In-stock,Snacks & Candy
Milka,$2.49,No Description Available,https://media.sobeys.com/original/754000000025700000000063624428_VOILA_f36f09dc1b363f290b6eb742b9be40f442bf2982.JPG,In-stock,Snacks & Candy
Larabar,$24.99,"Lara’s Favourite. Cashew delivers a wallop of rich and creamy flavour. This 3-ingredient treat is a simple blend of cashews, dates and apples. LÄRABAR believe that a sound mind, body and spirit are derived from what you eat – and that food is most satisfying in its simplest form. A magical harmony of fruits and nuts, LÄRABAR contains only the best ingredients. Simple and delicious. Enjoy!",https://media.sobeys.com/original/233385_CAR_ml_primary_front_013123_VS_VOILA_2f5df93d551726781ad919682f3ba7671cafec74.JPG,In-stock,Snacks & Candy
Haribo,$3.49,No Description Available,https://media.sobeys.com/original/754000000025700000000033683850_VOILA_e9ec6522251238380bab53f9f87ff1522a4a4607.JPG,In-stock,Snacks & Candy
MadeGood,$4.49,"A granola bar that thinks it’s a cookie. MadeGood Cookie Crumble Granola Bar with real cookie bits mixed into chewy granola bars. To add to the decadence, they are dipped and drizzled in chocolate. Gluten-free, with a full serving of veggies inside and free from the most common allergens. So everyone can enjoy the goodness.",https://media.sobeys.com/original/847817_EA_en_primary_front_na_062325_VOILA_77a2c1a0ab80f66315f68bca9131f174f333d36f.JPG,In-stock,Snacks & Candy
Blackberries 170 g,$3.99,No Description Available,https://media.sobeys.com/original/115208_EA_ml_primary_front_na_092525_VOILA_5732b32240715a74e24a2923dd6288df0afee92f.JPG,In-stock,Fruits & Vegetables
Grapes Black Seedless 1 Bunch,$8.80/kg,No Description Available,https://media.sobeys.com/original/7572_KG_ml_Front_VOILA_c25bf58e363a4130a24f0681a7f1f9c21e5e1118.JPG,In-stock,Fruits & Vegetables
Kiwi 600 g,$5.99,No Description Available,https://media.sobeys.com/original/395917_EA_ml_primary_left_NA_022222_VOILA_c90cf3f42c10da31766de9331072861218d40ce6.JPG,In-stock,Fruits & Vegetables
Lemon Large 1 Count,$0.99,No Description Available,https://media.sobeys.com/original/7685_EA_ml_primary_front_082423_VOILA_d6bd856b6a2e1b7fef9db914522f4b8fac4b0c40.JPG,In-stock,Fruits & Vegetables
Lemons Bag 908 g,$4.99,No Description Available,https://media.sobeys.com/original/033383115023_VOILA_0fdaf57e87f97e0cd70187342856b64225a86ccb.JPG,In-stock,Fruits & Vegetables
Young Coconut 1 Count,$4.99,No Description Available,https://media.sobeys.com/original/314094_EA_ml_primary_front_NA_110322_VOILA_26417dc3af3a7fbf53903031e2413fb753aeac14.JPG,In-stock,Fruits & Vegetables
Ambrosia Apple,$3.73,No Description Available,https://media.sobeys.com/original/450615_KG_ml_primary_front_013125_VOILA_e5e97b557922934e89b68861b6cf834e9587f74e.JPG,In-stock,Fruits & Vegetables
Orange 5 lb Juice 2.27 KG,$6.99,No Description Available,https://www.freshco.com/_next/image?url=%2Floader.svg&w=128&q=75,In-stock,Fruits & Vegetables
Sugar Cane,$2.49,No Description Available,https://www.freshco.com/_next/image?url=%2Floader.svg&w=128&q=75,In-stock,Fruits & Vegetables
Zespri,$5.99,No Description Available,https://media.sobeys.com/original/818849020017_900362_VOILA_70ec32a206c0a5670aee3298247b2fd5b5ded2b4.JPG,In-stock,Fruits & Vegetables
Organic Strawberries 454 g,$7.99,No Description Available,https://media.sobeys.com/original/14837_EA_ml_primary_front_030624_VOILA_30205f0568f9f3df6f540115df693251ba4b06a5.JPG,In-stock,Fruits & Vegetables
Strawberries 454 g,$4.99,No Description Available,https://media.sobeys.com/original/112324_EA_ml_primary_front_na_092525_VOILA_5eb2ca54fbbacd82d506a0bd264fee03d676ac43.JPG,In-stock,Fruits & Vegetables
SweeTango Apple,$5.49,No Description Available,https://media.sobeys.com/original/259601_KG_ml_primary_front_012825_VOILA_2c46da65c24a8d97af52ec25f300ec44c3708601.JPG,In-stock,Fruits & Vegetables
Indian Eggplant,$3.95,No Description Available,https://www.freshco.com/_next/image?url=%2Floader.svg&w=128&q=75,In-stock,Fruits & Vegetables
Gooseberries 170 g,$3.99,No Description Available,https://media.sobeys.com/original/204243000005_7564_VOILA_b1153be1121a8d0421b9277ae0f5ad6d21d3c2ae.JPG,In-stock,Fruits & Vegetables
Sealtest,$3.99,"Sealtest 35% Whipping Cream is the perfect complement to all your desserts. Garnish your fruit and pastries with a generous portion of rich, delicious whipped cream, and give in to temptation!",https://media.sobeys.com/original/754000000025700000000043471934_VOILA_1de21959b715680764c1ec75d1eda01ebf1a0433.JPG,In-stock,Dairy & Eggs
Hata,$2.49,No Description Available,https://media.sobeys.com/original/324_EA_ml_primary_front_NA_041724_VOILA_05b056f8565989dc53338386907d5f82451a0c87.JPG,In-stock,Dairy & Eggs
Oikos,$7.49,"Gone are the scary days when choosing the right snack meant suffering from blank page syndrome! Put your creativity to work and beat your cravings with Oikos High Protein Plain Greek yogurt. Enjoy the same great taste you know and love, now with even more protein and a thick texture! Made with 100% Canadian milk, the new Oikos High Protein Plain Greek yogurt boasts 19 grams of protein per 175 gram serving. Try it today!",https://media.sobeys.com/original/598017_EA_en_primary_front_na_081325_VOILA_d13e0121e17a1db5b725a9e381c1f21effcbcb69.JPG,In-stock,Dairy & Eggs
Silk,$2.99,Deck the halls with Silk Peppermint Mocha Oat Creamer! Add a splash (or two) of the holidays to your favourite coffee and spread some cheers with those around you.,https://media.sobeys.com/original/1285768_EA_en_primary_front_na_120324_VOILA_6662e18269ff778a067c04ba276f6ea2d69d5172.JPG,In-stock,Dairy & Eggs
Compliments,$4.99,"Compliments Balance 100% Pure Liquid Egg Whites. Whether you are making an omelette, baking or looking to add a frothy texture to milkshakes and smoothies, Compliments Balance 100% Pure Liquid Egg Whites are a great ingredient to have in your kitchen. Packed with protein, Compliments Balance 100% Pure Liquid Egg Whites help fuel a busy schedule. Working in place of regular eggs, liquid egg whites allow you to enhance the nutrition when baking and cooking without the stress of trying to separate the egg whites from the yolk. Cholesterol and fat free, liquid egg whites is a convenient ingredient to support your busy lifestyle.",https://media.sobeys.com/original/170283_EA_en_primary_front_VOILA_d692c199692a23ae88869f02ea71e97401742c27.JPG,In-stock,Dairy & Eggs
Yoplait,$1.39,"Yoplait. Delicious, Fun Family Yogurt. Yoplait Yop 1% Drinkable Yogurt features a deliciously smooth texture and a portable format perfect for breakfast on-the-go. Yoplait Yop 1% M.F. Drinkable Yogurt is the on-the-go yogurt you need to keep you going all day. Yoplait Yop 1% M.F. Drinkable Yogurt contains no gelatin, artificial flavours, or added colours. This portable yogurt drink is convenient to add to a lunchbox or gym bag and a good source of calcium & vitamin D. The fresh milk used in Yoplait products is sourced from Canadian dairy farmers and is free of added growth hormones and antibiotics. Contains one 200 mL drinkable yogurt in total.",https://media.sobeys.com/original/983469_EA_ml_primary_front_na_020325_VOILA_799f7e305fefef93b11455408bb751adc13a5b8c.JPG,In-stock,Dairy & Eggs
Natrel,$5.39,The dairy experts at Natrel have found a way to remove the lactose from cream so now you can enjoy Real Cream – Lactose Free!,https://media.sobeys.com/original/754000000025700000000034896471_VOILA_c8ae51a47364f179751191a1c7c2fadc7b52ebcf.JPG,In-stock,Dairy & Eggs
YOP,$1.39,"Yoplait. Delicious, Fun Family Yogurt. Yoplait Yop 1% Drinkable Yogurt features a deliciously smooth texture and a portable format perfect for breakfast on-the-go. Yoplait Yop 1% M.F. Drinkable Yogurt is the on-the-go yogurt you need to keep you going all day. Yoplait Yop 1% M.F. Drinkable Yogurt contains no gelatin, artificial flavours, or added colours. This portable yogurt drink is convenient to add to a lunchbox or gym bag and a good source of calcium & vitamin D. The fresh milk used in Yoplait products is sourced from Canadian dairy farmers and is free of added growth hormones and antibiotics. Contains one 200 mL drinkable yogurt in total.",https://media.sobeys.com/original/983465_EA_ml_primary_front_na_020325_VOILA_38163f9eeac77e082baa76c8ef0cb7ac34dee3ef.JPG,In-stock,Dairy & Eggs
Yoplait,$1.39,"Yoplait. Delicious, Fun Family Yogurt. Yoplait Yop 1% Drinkable Yogurt features a deliciously smooth texture and a portable format perfect for breakfast on-the-go. Yoplait Yop 1% M.F. Drinkable Yogurt is the on-the-go yogurt you need to keep you going all day. Yoplait Yop 1% M.F. Drinkable Yogurt contains no gelatin, artificial flavours, or added colours. This portable yogurt drink is convenient to add to a lunchbox or gym bag and a good source of calcium & vitamin D. The fresh milk used in Yoplait products is sourced from Canadian dairy farmers and is free of added growth hormones and antibiotics. Contains one 200 mL drinkable yogurt in total.",https://media.sobeys.com/original/983468_EA_ml_primary_front_na_020325_VOILA_8ab309c39f1155af9e14d4fa2c5ef8a6da272c1d.JPG,In-stock,Dairy & Eggs
Yoplait,$2.99,"Yoplait Source 0% Smooth Traditional Yogurt is a deliciously creamy, 0% M.F. yogurt made with no added sugar. Free from fat and full of flavour, now you can enjoy wellness your way every day. Yoplait Source Yogurt makes for a great snack anytime or addition to your breakfast. Enjoy it in smoothies, or add some granola and fruit to make a tasty parfait. This traditional yogurt is a source of calcium and is perfect for the whole family to share. Yoplait Source 0% M.F. Smooth Traditional Yogurt contains one 630 g container of smooth traditional yogurt in total.",https://media.sobeys.com/original/845188_EA_ml_primary_front_na_020325_VOILA_66777c0d8c2df4c5c83f70ab25aff718664c628c.JPG,3,Dairy & Eggs
Sealtest,$4.19,"Sealtest 10% Coffee Cream will delight coffee lovers. Whether you enjoy your favourite drink hot or cold, add a dash of cream for a divinely rich and velvety texture.",https://media.sobeys.com/original/862535_EA_en_primary_front_NA_063025_VOILA_0c35e06950184380c3956a5f42c8bfbb8430a821.JPG,In-stock,Dairy & Eggs
Natrel,$7.29,Natrel Organic fine-filtered milk comes from farms dedicated to organic principles that comply with rigorous standards (Canadian Organic Standards).,https://media.sobeys.com/original/577690_ea_ml_primary_front_na_VOILA_c5928cf7d598041e3bd0fe3845ff08d7dcb55fc2.JPG,In-stock,Dairy & Eggs
Liberte,$4.29,No Description Available,https://media.sobeys.com/original/1343361_EA_ml_primary_front_NA_100325_VOILA_3c1f5a722c2769164f2c29a5444f22394ad929c1.JPG,In-stock,Dairy & Eggs
Yoplait,$2.99,"Yoplait Source 0% Smooth Traditional Yogurt is a deliciously creamy, 0% M.F. yogurt made with no added sugar. Free from fat and full of flavour, now you can enjoy wellness your way every day. Yoplait Source Yogurt makes for a great snack anytime or addition to your breakfast. Enjoy it in smoothies, or add some granola and fruit to make a tasty parfait. This traditional yogurt is a source of calcium and is perfect for the whole family to share. Yoplait Source 0% M.F. Smooth Traditional Yogurt contains one 630 g container of smooth traditional yogurt in total.",https://media.sobeys.com/original/845181_EA_en_primary_front_101123_VOILA_beb9d49e39c22d34b2626e2d1350e5864cbc7643.JPG,3,Dairy & Eggs
Korea Sports Beverage Pocari Sweat 1 L,$5.48,No Description Available,https://media.sobeys.com/original/894129_EA_ml_primary_front_NA_101525_VOILA_fa4ff050637eab95da3979afbff260ddba26f870.JPG,In-stock,Dairy & Eggs
Campbell's,$2.29,No Description Available,https://media.sobeys.com/original/636637_EA_ml_front_VOILA_0bd8f0ede8430ad8a03051c0493a4beeebae48c3.JPG,In-stock,Bakery
Yellow Onions Medium 4.54 kg,$4.99,No Description Available,https://media.sobeys.com/original/456658_EA_ml_Front_VOILA_a7ff6582ebf953f9b895c6f16001feef25e61619.JPG,In-stock,Bakery
Compliments,$6.99,No Description Available,https://media.sobeys.com/original/432404_EA_ml_primary_front_121823_VOILA_06dcf345464d38b552638b1b582f595167fc172c.JPG,In-stock,Bakery
Cilantro Coriander 1 Bunch,$0.99,No Description Available,https://media.sobeys.com/original/8434_EA_ml_primary_front_VOILA_a522e89fa6478355ecd50bb87a81cfe6cfce8784.JPG,In-stock,Bakery
Cauliflower 1 Count,$3.99,No Description Available,https://media.sobeys.com/original/4079_7950_VOILA_3ea06a0651d0441c046c3b0d42c2e546bb961dd0.JPG,In-stock,Bakery
Betty Crocker,$1.99,A delicious dessert is only a few minutes away with Betty Crocker SuperMoist cake mix! The always decadent Supermoist Cake mix is a long-time fan favourite; use it to bake up a delicious cake with some Betty Crocker frosting!,https://media.sobeys.com/original/26152_EA_ml_primary_front_na_081325_VOILA_c812ca58e295ddeb139347a846d0f2d88225c8e8.JPG,In-stock,Bakery
Campbell's,$2.99,No Description Available,https://media.sobeys.com/original/973021_EA_ml_primary_front_VOILA_a258f97741167e19e96942ea53ab6ad02290b6e3.JPG,3,Bakery
Campbell's,$2.99,No Description Available,https://media.sobeys.com/original/973049_EA_ml_primary_front_VOILA_4e83adedacad9f7ca686a22bceb61a913766bf2f.JPG,3,Bakery
Best Buy,$6.99,No Description Available,https://media.sobeys.com/original/1006023_EA_ml_primary_front_050724_VOILA_42eb3bb0019a645b945a7048310f9e237279b9e1.JPG,In-stock,Bakery
Compliments,$6.99,No Description Available,https://media.sobeys.com/original/432394_EA_ml_primary_front_121823_VOILA_0a7a8a70e939a4c837f698e5d4d1a3d3b9e53990.JPG,In-stock,Bakery
Compliments,$6.99,No Description Available,https://media.sobeys.com/original/432392_EA_ml_primary_front_100924_VOILA_9ac1e9e7f5875269fbeff31a78044af803a2e402.JPG,In-stock,Bakery
Compliments,$6.99,No Description Available,https://media.sobeys.com/original/055742527032_323092_VOILA_c41af8f067fb06b3a1293c74ca9cb4e8d9f40e26.JPG,In-stock,Bakery
Del Monte,$2.29,No Description Available,https://media.sobeys.com/original/754000000025700000000064462353_VOILA_f26c1bbe0a366f59239e53c55f0a226d074753a8.JPG,In-stock,Bakery
Del Monte,$2.29,Add some tropical flair to your family’s breakfast table with the Del Monte Guava Nectar. This guava juice drink is an excellent source of vitamin C. The delicious burst of tropical flavour makes this succulent guava nectar a fun and refreshing alternative to your everyday fruit juices. Keep refrigerated for up to 10 days after opening; serve chilled and shake well before using.,https://media.sobeys.com/original/500704_EA_EN_PRIMARY_FRONT_NA_VOILA_af222eaee5bfd3fc45612edc7450b4a4ad9a46f2.JPG,In-stock,Bakery
Old Dutch,$2.99,No Description Available,https://media.sobeys.com/original/676305_EA_ml_primary_front_na_VOILA_1d5fd8163ecc513d34d6e5e1d880a396f8d4a7d1.JPG,2,Bakery
Vita Coco,$3.99,No Description Available,https://media.sobeys.com/original/247639_EA_en_primary_front_na_102424_VOILA_7edd2088746b1ee74009efc37152230e2c1e4a89.JPG,In-stock,Drinks
Compliments,$3.29,No Description Available,https://media.sobeys.com/original/159569_EA_en_Primary_Front_NA_VOILA_df1a8e8b9d8d885d35bd6d4ea806eb5e62f10396.JPG,In-stock,Drinks
International Delight,$6.99,"Woo-hoo! An Iced Coffee with a just-right balance of creaminess to coffee. We make it with real milk, cream and cane sugar for an all-day, obsession-worthy taste. Put that in your tumbler!",https://media.sobeys.com/original/492793_EA_en_primary_front_na_081325_VOILA_1efde147671655b768ccd2c6d41c334965b8ed4f.JPG,In-stock,Drinks
Compliments,$3.59,No Description Available,https://media.sobeys.com/original/656007_EA_ml_primary_front_NA_VOILA_3ff74cc59c6a0c187e0b15f2a3084f30e9f359ae.JPG,In-stock,Drinks
Compliments,$2.29,No Description Available,https://media.sobeys.com/original/754000000025700000000046372930_VOILA_4ec72b8c416d58c249e27bdcf46ec8bb74e06f4b.JPG,In-stock,Drinks
Best Buy,$2.99,No Description Available,https://media.sobeys.com/original/1319767_EA_ml_primary_front_031025_VOILA_5ed2c0c6fa015431091b8a116fae3700a6f764f9.JPG,In-stock,Drinks
Best Buy,$2.99,No Description Available,https://www.freshco.com/_next/image?url=%2Floader.svg&w=128&q=75,In-stock,Drinks
Best Buy,$3.99,No Description Available,https://media.sobeys.com/original/1319762_EA_ml_primary_front_031025_VOILA_9bbcde8148bc3449ac35e253bae78b6aa7e37b04.JPG,In-stock,Drinks
Hata,$2.49,No Description Available,https://media.sobeys.com/original/324_EA_ml_primary_front_NA_041724_VOILA_05b056f8565989dc53338386907d5f82451a0c87.JPG,In-stock,Drinks
Allen's,$3.49,"Add some flavourful fun to lunchtime with Allen's Lemonade Juice Boxes. Bursting with classic citrus-filled lemonade flavour, these fruit juice boxes are refreshing and thirst-quenching options any time of day. Available in a handy pack of eight, these juice boxes are perfect for school lunches, road trips, picnics, after-school snacks, or as arefreshing and convenient fruit beverage when you and your family are on the go.",https://media.sobeys.com/original/957870_EA_EN_PRIMARY_FRONT_NA_072523_VOILA_de21aadc6b94a1662f0fcbcd1226d13fc285fc4b.JPG,In-stock,Drinks
Pepsi,$5.99,No Description Available,https://media.sobeys.com/original/340555_EA_ml_primary_front_na_061225_VOILA_17fc8815f8a270268a3ecde17d23b2b9dacfea41.JPG,In-stock,Drinks
Compliments,$3.29,No Description Available,https://media.sobeys.com/original/483725_EA_en_primary_front_NA_VOILA_7beab0e48e4c48257fa6717c40822361b163f11a.JPG,In-stock,Drinks
Grace,$4.49,No sugar added and no pulp. Gluten free. A good source of potassium and naturally occurring electrolytes.,https://media.sobeys.com/original/754000000025700000000005075913_VOILA_a0c41e7af8e0b6a9cf2b85128f7472d6947867f3.JPG,In-stock,Drinks
mio,$3.29,"Hydrate your way. mio Hydrate Arctic Grape Electrolyte Drink Mix delivers electrolytes with a refreshing grape taste. With zero calories, each squeeze of mio drink mix contains 125 mg of sodium and 50 mg of potassium. Give one squeeze into 375 mL of water, mix and enjoy!",https://media.sobeys.com/original/343917_EA_ml_primary_front_na_070725_VOILA_2b62e7549757ea9a57e799036a7106aaeef2a061.JPG,In-stock,Drinks
Compliments,$4.29,No Description Available,https://media.sobeys.com/original/716689_EA_ml_primary_front_na_062525_VS_VOILA_370dad9862ac32c600a130f5a72f3378cc0556c1.JPG,In-stock,Drinks
Red Baron,$4.99,No Description Available,https://media.sobeys.com/original/754000000025700000000064740293_VOILA_05580707dde25785a6c45d33868ac3ddf9da3d16.JPG,In-stock,Frozen
Haagen-Dazs,$6.49,No Description Available,https://media.sobeys.com/original/3205_EA_ml_primary_front_na_032625_VOILA_ba8b35927156859aa444cdf2380a5f15502139c3.JPG,In-stock,Frozen
Haagen-Dazs,$6.49,Go for the dough with HÄAGEN-DAZS EXTRÄAZ Cookie Dough Dynamo! This decadent dessert features creamy vanilla ice cream with chunks of irresistible cookie dough and fudge chips. Made with Canadian dairy and no artificial colours or flavours.,https://media.sobeys.com/original/3197_EA_ml_primary_front_na_032625_VOILA_c33d56fec891015d33b35b1bdfa727b95b8e86ab.JPG,In-stock,Frozen
Haagen-Dazs,$6.49,"Indulge in the irresistible taste of HÄAGEN-DAZS® Salted Caramel Ice Cream (450 ml). Since 1960, our passion has taken us on a journey to transform only the finest ingredients into a simply extraordinary ice cream experience. Our Salted Caramel ice cream offers a flavourful combination of creamy caramel ice cream, swirled with ribbons of salted caramel. Made with Canadian dairy, this ice cream brings sweet and salty together in the most decadent way.",https://media.sobeys.com/original/3195_EA_primary_VOILA_b571187d9f970ae4e6b48130797b509e31cf66e8.JPG,In-stock,Frozen
Haagen-Dazs,$6.49,No Description Available,https://media.sobeys.com/original/3175_EA_ml_primary_front_na_032625_VOILA_10d09547f02770a94f756404434bd09d577fa950.JPG,In-stock,Frozen
Häagen-Dazs,$6.49,No Description Available,https://www.freshco.com/_next/image?url=%2Floader.svg&w=128&q=75,In-stock,Frozen
Nestlé,$5.44,"The creamy, crunchy, classic Simply Dipped Chocolate Drumstick now comes in a mini-sized treat. Nestlé Drumstick Minis Simply Dipped Chocolate 6-Pack doubles the chocolate flavour featuring a creamy-tasting frozen chocolatey dessert dipped in the rich, signature chocolatey dip. Made with dairy from Canadian cows. Raise your cone to Drumstick goodness!",https://www.freshco.com/_next/image?url=%2Floader.svg&w=128&q=75,In-stock,Frozen
Chapman's,$3.99,No Description Available,https://media.sobeys.com/original/754000000025700000000061507539_VOILA_47db3ce194bc2ecb374d617be68dd64772e8247f.JPG,2,Frozen
Chapman's,$7.49,"A Chapman’s tradition in the sorbet line up, Rainbow is one of the first. It’s a mixture of sweet raspberry, refreshing orange and a little kick of lime creating a powerhouse of flavour.",https://media.sobeys.com/original/754000000025700000000011934774_VOILA_d54c28ad58f617e7dd52ad67c628e87e5d012856.JPG,In-stock,Frozen
Haagen-Dazs,$6.49,"Strawberry delight! HÄAGEN-DAZS Strawberries and Cream ice cream bars combine creamy strawberry ice cream with a decadent coating made with milk chocolate for a delicious treat. Made in Canada with Canadian Dairy and no artificial colours or flavours. HÄAGEN-DAZS, every moment elevated.",https://media.sobeys.com/original/998507_EA_ml_primary_front_070523_VOILA_98784471e8e060397b89d0d2023393e64e4e2d21.JPG,In-stock,Frozen
Green Giant,$4.69,No Description Available,https://media.sobeys.com/original/754000000025700000000024204984_VOILA_fffd18ad212a3ad152bc66d90689390d11a2f034.JPG,In-stock,Frozen
Chapman's,$4.99,"Can’t decide between your traditional favourites? Neapolitan is just what you need. You can scoop vanilla, chocolate, or strawberry – or you can take a swipe at all three. Made from 100% Canadian Dairy and this is three of the best. Peanut/Nut Free, Gluten Free and Egg Free.",https://media.sobeys.com/original/754000000025700000000004348181_VOILA_23b322b694457a9ef79b2aa9bca8281cd98ee9c8.JPG,In-stock,Frozen
Chapman's,$4.99,"Better than an after-dinner mint – this is any time mint! Chapman’s Mint Chip provides a creamy mint flavoured ice cream with an explosion of chocolate flakes from beginning to end. There are no artificial flavours or colours, it is Peanut/Nut Free, Gluten Free, and Egg Free and it will not disappoint!",https://media.sobeys.com/original/754000000025700000000024186520_VOILA_bf44dc1d5bbecf8dd13bc870b7793ef9057bcb62.JPG,In-stock,Frozen
Green Giant,$4.69,No Description Available,https://media.sobeys.com/original/754000000025700000000000674541_VOILA_ef88525f83a739468c28e9006ef3b4ea062ae81e.JPG,In-stock,Frozen
Green Giant,$4.69,No Description Available,https://media.sobeys.com/original/754000000025700000000013506453_VOILA_636d71f32844146af0c4e7a5738f1813751a6b19.JPG,In-stock,Frozen
Maple Leaf,$4.99,"Create a tasty sandwich or wrap with Maple Leaf Natural Selections Smoked Black Forest Ham. Made with natural ingredients and quality cuts of boneless Black Forest ham, this delicious ham sandwich meat has rich, mouthwatering flavour. The convenient resealable package ensures the sliced deli meat stays fresh and ready to enjoy. Made for families, the Maple Leaf brand offers premium meat using only natural ingredients with no artificial preservatives, flavours, colours, or sweeteners. Dedicated to providing wholesome, real food for Canadians for generations to come, Maple Leaf is the first major food company in the world to become carbon neutral. Join them in their commitment to build a more sustainable planet.",https://media.sobeys.com/original/245912_EA_ml_na_front_na_052924_VOILA_86d35ab6aba5b525357d7b87f37332a6c31daa3e.JPG,In-stock,Meat
San Daniele,$3.49,No Description Available,https://media.sobeys.com/original/312137_EA_ml_primary_front_NA_072723_VOILA_208bcab09b5b21eee4dcb24dd8c1875bcd193a3d.JPG,In-stock,Meat
Maple Leaf,$4.99,"Create a tasty sandwich or wrap with Maple Leaf Natural Selections Sliced Oven Roasted Turkey Breast. Made with natural ingredients, these turkey slices are oven roasted for delicious, savoury flavour. The convenient resealable package helps keep the deli meat fresh and ready to enjoy. Made for families, the Maple Leaf brand offers premium meat using only natural ingredients with no artificial preservatives, flavours, colours, or sweeteners. Dedicated to providing wholesome, real food for Canadians for generations to come, Maple Leaf is the first major food company in the world to become carbon neutral. Join them in their commitment to build a more sustainable planet.",https://media.sobeys.com/original/245906_EA_ml_primary_front_na_052924_VOILA_c8cedec69561ce887feab796757dc4d29f2bd1d3.JPG,In-stock,Meat
Compliments,$1.99,No Description Available,https://media.sobeys.com/original/744011_EA_ml_primary_front_VOILA_8c5371d1fe42a1e17226128a6f6ba5b5e68b755a.JPG,In-stock,Meat
Swiss Chalet,$14.99,No Description Available,https://media.sobeys.com/original/754000000025700000000003346396_VOILA_f71df40541602c4fc875aa0a3dd3298e6c446ba0.JPG,In-stock,Meat
Swiss Chalet,$14.99,No Description Available,https://media.sobeys.com/original/754000000025700000000010292481_VOILA_f5f83f81c15e4d4819c4a502586b787fd475efd9.JPG,In-stock,Meat
Mastro,$10.49,No Description Available,https://media.sobeys.com/original/20250_EA_ml_primary_front_NA_092823_VOILA_8bf2628104a5777b3da0e215226d5a36186a9053.JPG,In-stock,Meat
Maple Leaf,$6.99,"Maple Leaf Natural Top Dogs Original Hot Dogs deliver classic, family-favourite flavour and are filler free. Made with premium meat, these hot dogs feature a delicious smoked taste that both kids and grown-ups will love. These hot dogs are great at home and perfect for barbeques outdoors. Dedicated to providing wholesome, real food for Canadians for generations to come, Maple Leaf is the first major food company in the world to become carbon neutral. Join them in their commitment to build a more sustainable planet.",https://media.sobeys.com/original/791088_EA_ml_na_front_na_052924_VOILA_786321ec04c5402e89810688fe6f8f3beff7411b.JPG,In-stock,Meat
New Zealand Spring Lamb,$12.99,"100% Grass fed and finished lamb from NEW ZEALAND SPRING LAMB. This lamb is raised in free roaming conditions (Free Range), without the use of antibiotics or added hormones. The lean ground lamb is a versatile meat choice to use in endless recipe options such as burgers, meatballs, and pasta sauces.",https://media.sobeys.com/original/100363_EA_ml_primary_front_na_VOILA_983b9eb19f3c237e00f0fb0bae7a15cd823da2ce.JPG,In-stock,Meat
Schneider's,$6.59,No Description Available,https://www.freshco.com/_next/image?url=%2Floader.svg&w=128&q=75,In-stock,Meat
Best Buy,$10.00,No Description Available,https://media.sobeys.com/original/1293722_EA_ml_primary_front_111224_VOILA_9b90e26c68ae709147775ebd9d858ca1266bc1a7.JPG,In-stock,Meat
Solmaz,$10.99,No Description Available,https://media.sobeys.com/original/13906_EA_ml_primary_front_na_052925_VOILA_9f68753988cceac05384d79f2a026e4be59f8e4f.JPG,In-stock,Meat
Solmaz,$9.99,No Description Available,https://media.sobeys.com/original/12906_EA_ml_primary_front_na_052925_VOILA_e8e228f1df60ac3305fe1120ec14cc5536e9446a.JPG,In-stock,Meat
Solmaz,$10.99,No Description Available,https://media.sobeys.com/original/12355_EA_ml_primary_front_na_052925_VOILA_74d50fedd068131b9d09544caf4ba2549b818f1a.JPG,In-stock,Meat
Montana's,$14.99,No Description Available,https://media.sobeys.com/original/066701010380_455191_VOILA_a6f535562da3770db06ccdc7b006cf026c80e11b.JPG,In-stock,Meat
